mean	std
1.0000000087255028e-09	0.2582623448722103
