mean	std
-9.25185853854297e-18	0.28915156715445756
