mean	std
-3.700743415417188e-17	0.25826234487221034
