mean	std
0.47618694210150636	0.3205362128467094
