mean	std
1.1102230246251565e-16	0.6104462351924251
