best_profit	one_std_profit
104757.90964694537	81854.69160223848
