best_profit	one_std_profit
146811.33844388876	73421.655083427
