best_profit	one_std_profit
157346.86800000013	76555.76891981415
